Security Ticker,Security Description
ETSY,Etsy Inc
FIVE,Five Below Inc
TTD,Trade Desk Inc
PLNT,Planet Fitness Inc
CREE,Cree Inc
HUBS,Hubspot Inc
WWD,Woodward Inc
ENTG,Entegris Inc
COUP,Coupa Software Inc
PRI,Primerica Inc
MDSO,Medidata Solutions Inc
CIEN,Ciena Corp
HZNP,Horizon Pharma Plc
VSAT,Viasat Inc
IDA,Idacorp Inc
MTG,Mgic Investment Corp
HAE,Haemonetics Corp
RDN,Radian Group Inc
CACI,Caci Intl Inc
OLLI,Ollie'S Bargain Outlet Holdings Inc
COLD,Americold Realty Trust
NXST,Nexstar Broadcasting Group Inc
NEWR,New Relic Inc
ARRY,Array Biopharma Inc
EME,Emcor Group Inc
POR,Portland General Electric Co
MMS,Maximus Inc
KMPR,Kemper Corp
LITE,Lumentum Holdings Inc
NYT,New York Times Co
NSP,Insperity Inc
OGS,One Gas Inc
ESNT,Essent Group Ltd
IBKC,Iberiabank Corp
SLAB,Silicon Laboratories Inc
DECK,Deckers Outdoor Corp
SNX,Synnex Corp
NJR,New Jersey Resources Corp
SWX,Southwest Gas Corp
FR,First Industrial Realty Trust Inc
NGVT,Ingevity Corp
FCFS,Firstcash Inc
ALE,Allete Inc
JCOM,J2 Global Inc
PEB,Pebblebrook Hotel Trust
TDOC,Teladoc Inc
SBGI,Sinclair Broadcast Group Inc
SR,Spire Inc
ZS,Zscaler Inc
SIGI,Selective Insurance Group Inc
SF,Stifel Financial Corp
BXMT,Blackstone Mortgage Trust Inc
VRNT,Verint Systems Inc
AAN,Aaron'S Inc
VAC,Marriott Vacations Worldwide Corp
RAMP,Liveramp Holdings Inc
FFIN,First Financial Bankshares Inc
BKH,Black Hills Corp
PFGC,Performance Food Group Co
CHGG,Chegg Inc
ACIW,Aci Worldwide Inc
CUZ,Cousins Properties Inc
EGP,Eastgroup Properties Inc
WMGI,Wright Medical Group Nv
BCO,Brink'S Co
TECD,Tech Data Corp
AAXN,Axon Enterprise Inc
HQY,Healthequity Inc
SAIC,Science Applications Intl Corp
UBSI,United Bankshares Inc
BLKB,Blackbaud Inc
MSA,Msa Safety Inc
HR,Healthcare Realty Trust Inc
TTEK,Tetra Tech Inc
RHP,Ryman Hospitality Properties Inc
AEO,American Eagle Outfitters Inc
TREX,Trex Co Inc
TXRH,Texas Roadhouse Inc
PNM,Pnm Resources Inc
HBHC,Hancock Holding Co
WWE,World Wrestling Entertainment Inc
GBCI,Glacier Bancorp Inc
HELE,Helen Of Troy Ltd
FGEN,Fibrogen Inc
STRA,Strategic Education Inc
GNRC,Generac Holdings Inc
SBRA,Sabra Health Care Reit Inc
NWE,Northwestern Corp
LIVN,Livanova Plc
NVCR,Novocure Ltd
LPX,Louisiana-Pacific Corp
BPMC,Blueprint Medicines Corp
MRCY,Mercury Systems Inc
JBT,John Bean Technologies Corp
REXR,Rexford Industrial Realty Inc
ONCE,Spark Therapeutics Inc
SAVE,Spirit Airlines Inc
CCMP,Cabot Microelectronics Corp
CHDN,Churchill Downs Inc
BJ,Bjs Wholesale Club Holdings Inc
SMTC,Semtech Corp
ROG,Rogers Corp
VLY,Valley National Bancorp
TGNA,Gannett Co Inc
DAR,Darling Ingredients Inc
RARE,Ultragenyx Pharmaceutical Inc
TNDM,Tandem Diabetes Care Inc
PRSP,Perspecta Inc
CBU,Community Bank System Inc
YELP,Yelp Inc
ROLL,Rbc Bearings Inc
MTZ,Mastec Inc
KBR,Kbr Inc
WWW,Wolverine World Wide Inc
GMED,Globus Medical Inc
LHCG,Lhc Group Inc
RLI,Rli Corp
CBRL,Cracker Barrel Old Country Store Inc
DOC,Physicians Realty Trust
NUVA,Nuvasive Inc
UMBF,Umb Financial Corp
SHO,Sunstone Hotel Investors Inc
OMCL,Omnicell Inc
ENV,Envestnet Inc
BCPC,Balchem Corp
RLJ,Rlj Lodging Trust
FCN,Fti Consulting Inc
ERI,Eldorado Resorts Inc
AMED,Amedisys Inc
GBT,Global Blood Therapeutics Inc
TREE,Lendingtree Inc
FII,Federated Investors Inc
NHI,National Health Investors Inc
SXT,Sensient Technologies Corp
VIAV,Viavi Solutions Inc
PSB,Ps Business Parks Inc
NEOG,Neogen Corp
ASGN,Asgn Inc
GDOT,Green Dot Corp
CHFC,Chemical Financial Corp
SKYW,Skywest Inc
SAFM,Sanderson Farms Inc
MMSI,Merit Medical Systems Inc
DK,Delek Us Holdings Inc
KMT,Kennametal Inc
ATI,Allegheny Technologies Inc
QLYS,Qualys Inc
HOMB,Home Bancshares Inc
ACAD,Acadia Pharmaceuticals Inc
CSOD,Cornerstone Ondemand Inc
CLF,Cleveland-Cliffs Inc
SJI,South Jersey Industries Inc
SHOO,Steven Madden Ltd
MOG.A,Moog Inc
RXN,Rexnord Corp
CRUS,Cirrus Logic Inc
CSFL,Centerstate Banks Inc
FIVN,Five9 Inc
FULT,Fulton Financial Corp
ENS,Enersys
CATY,Cathay General Bancorp
SYNH,Syneos Health Inc
PRLB,Proto Labs Inc
EXPO,Exponent Inc
STAG,Stag Industrial Inc
GATX,Gatx Corp
BLD,Topbuild Corp
ROKU,Roku Inc
BXS,Bancorpsouth Bank
UBSH,Union Bankshares Corp
LANC,Lancaster Colony Corp
AVA,Avista Corp
PCTY,Paylocity Holding Corp
SAM,Boston Beer Co Inc
FNSR,Finisar Corp
SSD,Simpson Manufacturing Co Inc
CNO,Cno Financial Group Inc
AJRD,Aerojet Rocketdyne Holdings
KW,Kennedy-Wilson Holdings Inc
TNET,Trinet Group Inc
KWR,Quaker Chemical Corp
COLB,Columbia Banking System Inc
ISBC,Investors Bancorp Inc
NOVT,Novanta Inc
TRNO,Terreno Realty Corp
FOXF,Fox Factory Holding Corp
B,Barnes Group Inc
BRKS,Brooks Automation Inc
CADE,Cadence Bancorp
GTLS,Chart Industries Inc
SSB,South State Corp
WAFD,Washington Federal Inc
RGEN,Repligen Corp
BECN,Beacon Roofing Supply Inc
AEL,American Equity Investment Life Holding Co
INDB,Independent Bank Corp
IRBT,Irobot Corp
IRDM,Iridium Communications Inc
PDM,Piedmont Office Realty Trust Inc
QTWO,Q2 Holdings Inc
KFY,Korn/Ferry Intl
MUSA,Murphy Usa Inc
AWR,American States Water Co
ENSG,Ensign Group Inc
VG,Vonage Holdings Corp
DAN,Dana Holding Corp
MNRO,Monro Muffler Brake Inc
HMSY,Hms Holdings Corp
AYX,Alteryx Inc - Class A
XHR,Xenia Hotels And Reports Inc
ONB,Old National Bancorp
ATGE,Adtalem Global Education Inc
SITE,Siteone Landscape Supply Inc
BOX,Box Inc - Cl A
LGND,Ligand Pharmaceuticals Inc
LAD,Lithia Motors Inc
PCH,Potlatch Corp
HCSG,Healthcare Services Group Inc
ABM,Abm Industries Inc
UNF,Unifirst Corp
GKOS,Glaukos Corp
HI,Hillenbrand Inc
VSH,Vishay Intertechnology Inc
FOLD,Amicus Therapeutics Inc
BDC,Belden Inc
ARNA,Arena Pharmaceuticals Inc
GEO,Geo Group Inc/The
PDCE,Pdc Energy Inc
AGII,Argo Group Intl Holdings Ltd
SWN,Southwestern Energy Co
CXW,Corecivic Inc
ORA,Ormat Technologies Inc
JJSF,J&J Snack Foods Corp
AMN,Amn Healthcare Services Inc
CCOI,Cogent Communications Holdings Inc
FUL,Hb Fuller Co
CVBF,Cvb Financial Corp
FFBC,First Financial Bancorp
LEXEA,Liberty Expedia Holdings Inc
CWT,California Water Service Group
IIVI,Ii-Vi Inc
ITGR,Integer Holdings Corp
EE,El Paso Electric Co
FBP,First Bancorp
IDCC,Interdigital Inc
WTS,Watts Water Technologies Inc
ARI,Apollo Commercial Real Estate Finance Inc
ADSW,Advanced Disposal Services Inc
MDP,Meredith Corp
TMHC,Taylor Morrison Home Corp
DORM,Dorman Products Inc
CVNA,Carvana Co
CRS,Carpenter Technology Corp
MGEE,Mge Energy Inc
BRC,Brady Corp
TRMK,Trustmark Corp
WING,Wingstop Inc
LCII,Lci Industries
IBOC,Intl Bancshares Corp
AKR,Acadia Realty Trust
EGHT,8X8 Inc
MLHR,Herman Miller Inc
SFNC,Simmons First National Corp
QTS,Qts Realty Trust Inc
LILAK,Liberty Latin Americ-Cl C
WDFC,Wd-40 Co
EVBG,Everbridge Inc
CAR,Avis Budget Group Inc
PLAY,Dave & Buster'S Entertainment Inc
FMBI,First Midwest Bancorp Inc
BTU,Peabody Energy Corp
QDEL,Quidel Corp
WRE,Washington Reit
UFPI,Universal Forest Products Inc
AIT,Applied Industrial Technologies Inc
IPHI,Inphi Corp
BYD,Boyd Gaming Corp
ADC,Agree Realty Corp
UCBI,United Community Banks Inc
SANM,Sanmina Corp
AIN,Albany Intl Corp
NTB,Bank Of N.T. Butterfield & Son Ltd
WSFS,Wsfs Financial Corp
ALRM,Alarm.Com Holdings Inc
INSM,Insmed Inc
FELE,Franklin Electric Co Inc
IMMU,Immunomedics Inc
KBH,Kb Home
EBS,Emergent Biosolutions Inc
POL,Polyone Corp
DRH,Diamondrock Hospitality Co
POWI,Power Integrations Inc
MDCO,Medicines Co
EPC,Energizer Holdings Inc
CLDR,Cloudera Inc
ESGR,Enstar Group Ltd
AIMC,Altra Industrial Motion Corp
FN,Fabrinet
MTX,Minerals Technologies Inc
IOSP,Innospec Inc
BBBY,Bed Bath & Beyond Inc
ITRI,Itron Inc
PENN,Penn National Gaming Inc
WSBC,Wesbanco Inc
PTLA,Portola Pharmaceuticals Inc
HALO,Halozyme Therapeutics Inc
IVR,Invesco Mortgage Capital Inc
PRA,Proassurance Corp
CVA,Covanta Holding Corp
MTDR,Matador Resources Co
NTCT,Netscout Systems Inc
CLI,Mack-Cali Realty Corp
AVNS,Avanos Medical Inc
CNMD,Conmed Corp
AVLR,Avalara Inc
FRME,First Merchants Corp
CVLT,Commvault Systems Inc
GWB,Great Western Bancorp Inc
CTRE,Caretrust Reit Inc
GCP,Gcp Applied Technologies
CAKE,Cheesecake Factory Inc/The
EXLS,Exlservice Holdings Inc
CARG,Cargurus Inc
VRNS,Varonis Systems Inc
PTCT,Ptc Therapeutics Inc
AEIS,Advanced Energy Industries Inc
NSIT,Insight Enterprises Inc
OTTR,Otter Tail Corp
JACK,Jack In The Box Inc
INT,World Fuel Services Corp
SBH,Sally Beauty Holdings Inc
ROIC,Retail Opportunity Investments Corp
PRGS,Progress Software Corp
DLX,Deluxe Corp
TVPT,Travelport Worldwide Ltd
UE,Urban Edge Properties
MTH,Meritage Homes Corp
AAON,Aaon Inc
CMPR,Cimpress Nv
GVA,Granite Construction Inc
BHVN,Biohaven Pharmaceutical Hold
SHEN,Shenandoah Telecommunications Co
WAGE,Wageworks Inc
CMC,Commercial Metals Co
FCPT,Four Corners Property Trust
RPD,Rapid7 Inc
EPAY,Bottomline Technologies (De) Inc
ANF,Abercrombie & Fitch Co
NWN,Northwest Natural Holding Co
RH,Restoration Hardware Holdings Inc
AVYA,Avaya Holdings Corp
ICPT,Intercept Pharmaceuticals Inc
OII,Oceaneering Intl Inc
LXP,Lexington Realty Trust
TSE,Trinseo Sa
SAIL,Sailpoint Technologies Holdings Inc
GNW,Genworth Financial Inc
LTXB,Legacy Texas Financial Group Inc
BLDR,Builders Firstsource Inc
ESE,Esco Technologies Inc
PDCO,Patterson Cos Inc
TPH,Tri Pointe Homes Inc
MYGN,Myriad Genetics Inc
PCRX,Pacira Pharmaceuticals Inc
CUB,Cubic Corp
FIX,Comfort Systems Usa Inc
CHSP,Chesapeake Lodging Trust
ALGT,Allegiant Travel Co
ENDP,Endo Intl Plc
NVRO,Nevro Corp
CFFN,Capitol Federal Financial Inc
NEO,Neogenomics Inc
CMP,Compass Minerals Intl Inc
GLNG,Golar Lng Ltd
CORE,Core-Mark Holding Co Inc
CNNE,Cannae Holdings Inc
CPE,Callon Petroleum Co
PLXS,Plexus Corp
MDRX,Allscripts Healthcare Solutions Inc
IRTC,Irhythm Technologies Inc
MTOR,Meritor Inc
EGBN,Eagle Bancorp Inc
SPSC,Sps Commerce Inc
SCL,Stepan Co
XLRN,Acceleron Pharma Inc
FWRD,Forward Air Corp
IBTX,Independent Bank Group Inc
YEXT,Yext Inc
PEGI,Pattern Energy Group Inc
SUM,Summit Materials Inc
AXE,Anixter Intl Inc
HSC,Harsco Corp
RRR,Red Rock Resorts Inc
LTC,Ltc Properties Inc
THC,Tenet Healthcare Corp
BL,Blackline Inc
RNST,Renasant Corp
SUPN,Supernus Pharmaceuticals Inc
AAT,American Assets Trust Inc
BOFI,Axos Financial Inc
EVTC,Evertec Inc
TOWN,Towne Bank
BANR,Banner Corp
HOPE,Hope Bancorp Inc
MGLN,Magellan Health Services Inc
OSIS,Osi Systems Inc
NMIH,Nmi Holdings Inc
ARWR,Arrowhead Pharmaceuticals Inc
SAIA,Saia Inc
SKT,Tanger Factory Outlet Centers Inc
HF,Hff Inc
PLCE,Childrens Place Inc
GIII,G-Iii Apparel Group Ltd
COKE,Coca Cola Bottling Co Consolidated
BEAT,Biotelemetry Inc
KAMN,Kaman Corp
MED,Medifast Inc
ARCH,Arch Coal Inc - A
EYE,National Vision Holdings Inc
LPSN,Liveperson Inc
MANT,Mantech Intl Corp
NSA,National Storage Affiliates Trust
NWBI,Northwest Bancshares Inc
ALEX,Alexander & Baldwin Inc
FLOW,Spx Flow Inc
MLI,Mueller Industries Inc
BLMN,Bloomin' Brands Inc
BCOR,Blucora Inc
PRO,Pros Holdings Inc
NBTB,Nbt Bancorp Inc
WABC,Westamerica Bancorp
HMN,Horace Mann Educators Corp
LSCC,Lattice Semiconductor Corp
KN,Knowles Corp
RETA,Reata Pharmaceuticals Inc
TRTN,Triton International Ltd
MYOK,Myokardia Inc
EFII,Electronics For Imaging Inc
CROX,Crocs Inc
MATX,Matson Inc
GRPN,Groupon Inc
GTN,Gray Television Inc
CWST,Casella Waste Systems Inc
RUN,Sunrun Inc
ZGNX,Zogenix Inc
HLI,Houlihan Lokey Inc
MC,Moelis & Co
HASI,Hannon Armstrong Sustainable Infrastructure Capital Inc
WOR,Worthington Industries Inc
EAT,Brinker Intl Inc
PFS,Provident Financial Services Inc
PLT,Plantronics Inc
MXL,Maxlinear Inc
RDFN,Redfin Corp
NGHC,National General Holdings Corp
ELY,Callaway Golf Co
SEM,Select Medical Holdings Corp
HNI,Hni Corp
LZB,La-Z-Boy In
RWT,Redwood Trust Inc
SFBS,Servisfirst Bancshares Inc
NAV,Navistar Intl Corp
DIOD,Diodes Inc
KNSL,Kinsale Capital Group Inc
PBH,Prestige Brands Holdings Inc
MDC,Mdc Holdings Inc
FSS,Federal Signal Corp
ABG,Asbury Automotive Group Inc
KALU,Kaiser Aluminum Corp
DNOW,Now Inc
MINI,Mobile Mini Inc
ABCB,Ameris Bancorp
BMI,Badger Meter Inc
SFLY,Shutterfly Inc
ENTA,Enanta Pharmaceuticals Inc
WK,Workiva Inc
CVGW,Calavo Growers Inc
CTB,Cooper Tire & Rubber Co
CSGS,Csg Systems Intl Inc
APPF,Appfolio Inc
BIG,Big Lots Inc
PUMP,Propetro Holding Corp
LADR,Ladder Capital Corp
BMCH,Bmc Stock Holdings Inc
WERN,Werner Enterprises Inc
AMBA,Ambarella Inc
XNCR,Xencor Inc
ACIA,Acacia Communications Inc
CBM,Cambrex Corp
DY,Dycom Industries Inc
SEAS,Seaworld Entertainment Inc
SCS,Steelcase Inc
WD,Walker & Dunlop Inc
ATU,Actuant Corp
VRTU,Virtusa Corp
MGRC,Mcgrath Rentcorp
IRWD,Ironwood Pharmaceuticals Inc
MRTX,Mirati Therapeutics Inc
SRG,Seritage Growth Properties
DBI,Designer Brands Inc
HTH,Hilltop Holdings Inc
LAUR,Laureate Education Inc-A
TIER,Tier Reit Inc
ANAB,Anaptysbio Inc
DRQ,Dril-Quip Inc
CPK,Chesapeake Utilities Corp
STMP,Stamps.Com Inc
CARS,Cars.Com Inc
RGNX,Regenxbio Inc
AERI,Aerie Pharmaceuticals Inc
SHAK,Shake Shack Inc - Cl A
GPI,Group 1 Automotive Inc
GNL,Global Net Lease Inc
NAVG,Navigators Group Inc
USPH,U.S. Physical Therapy Inc
HUBG,Hub Group Inc
OAS,Oasis Petroleum Inc
SPXC,Spx Corp
ATRA,Atara Biotherapeutics Inc
DIN,Dineequity Inc
SJW,Sjw Corp
DOOR,Masonite Intl Corp
THRM,Gentherm Inc
BGS,B&G Foods Inc
MRC,Mrc Global Inc
JELD,Jeld-Wen Holding Inc
MWA,Mueller Water Products Inc
GTT,Gtt Communications Inc
SRCI,Src Energy Inc
KTOS,Kratos Defense And Security Solutions Inc
AXL,American Axle & Manufacturing Holdings Inc
BOLD,Audentes Therapeutics Inc
CATM,Cardtronics Inc
MNK,Mallinckrodt Plc
ATSG,Air Transport Services Group Inc
AVAV,Aerovironment Inc
TRS,Trimas Corp
PPBI,Pacific Premier Bancorp Inc
MTRN,Materion Corp
SMPL,Simply Good Foods Co
RAVN,Raven Industries Inc
MNTA,Momenta Pharmaceuticals Inc
WHD,Cactus Inc
FIBK,First Interstate Bancsystem Inc
STBA,S&T Bancorp Inc
EHTH,Ehealth Inc
CSII,Cardiovascular Systems Inc
SAFT,Safety Insurance Group Inc
EIG,Employers Holdings Inc
ICFI,Icf Intl Inc
WDR,Waddell & Reed Financial Inc
PRK,Park National Corp
NVTA,Invitae Corp
FOE,Ferro Corp
LTHM,Livent Corp
KRG,Kite Realty Group Trust
INST,Instructure Inc
CALM,Cal-Maine Foods Inc
HA,Hawaiian Holdings Inc
NPO,Enpro Industries Inc
BKD,Brookdale Senior Living Inc
FCF,First Commonwealth Financial Corp
OXM,Oxford Industries Inc
APAM,Artisan Partners Asset Management Inc
CLNC,Colony Credit Real Estate Inc
HTLF,Heartland Financial Usa Inc
BID,Sotheby'S
MSGN,Madison Square Garden Co
UVV,Universal Corp
SNHY,Sun Hydraulics Corp
FSCT,Forescout Technologies Inc
MDR,Mcdermott International Inc
PSMT,Pricesmart Inc
TWNK,Hostess Brands Inc
FG,Fgl Holdings
OPI,Office Properties Income Trust
FORM,Formfactor Inc
GPOR,Gulfport Energy Corp
ILPT,Industrial Logistics Properties Trust
INN,Summit Hotel Properties Inc
SBCF,Seacoast Banking Corp Of Florida
IMAX,Imax Corp
CHCO,City Holding Co
AROC,Archrock Inc
VVI,Viad Corp
PMT,Pennymac Mortgage Investment Trust
SGMS,Scientific Games Corp
ECOL,Us Ecology Inc
SSYS,Stratasys Ltd
LGIH,Lgi Homes Inc
PRAA,Pra Group Inc
RMBS,Rambus Inc
AZZ,Azz Inc
ATRI,Atrion Corp
AMWD,American Woodmark Corp
MNR,Monmouth Real Estate Investment Corp
MEDP,Medpace Holdings Inc
RUSHA,Rush Enterprises Inc
PLUS,Eplus Inc
SIG,Signet Jewelers Ltd
KRNY,Kearny Financial Corp
BRKL,Brookline Bancorp Inc
IPAR,Inter Parfums Inc
NMRK,Newmark Group Inc
CECO,Career Education Corp
BHLB,Berkshire Hills Bancorp Inc
GHDX,Genomic Health Inc
HCC,Warrior Met Coal Inc
INGN,Inogen Inc
STNG,Scorpio Tankers Inc
ROCK,Gibraltar Industries Inc
ENPH,Enphase Energy Inc
ODP,Office Depot Inc
SASR,Sandy Spring Bancorp Inc
STAA,Staar Surgical Co
TGI,Triumph Group Inc
MSTR,Microstrategy Inc
XPER,Xperi Corp
DENN,Denny'S Corp
OCFC,Oceanfirst Financial Corp
FRPT,Freshpet Inc
JRVR,James River Group Holdings Ltd
VREX,Varex Imaging Corp
CORT,Corcept Therapeutics Inc
CWK,Cushman & Wakefield Plc
HRTX,Heron Therapeutics Inc
SYNA,Synaptics Inc
TMP,Tompkins Financial Corp
RCII,Rent-A-Center Inc
LC,Lendingclub Corp
BHE,Benchmark Electronics Inc
EDIT,Editas Medicine Inc
PZZA,Papa John'S Intl Inc
LKFN,Lakeland Financial Corp
WIRE,Encore Wire Corp
ESPR,Esperion Therapeutics Inc
IBP,Installed Building Products Inc
EBIX,Ebix Inc
BUSE,First Busey Corp
VBTX,Veritex Holdings Inc
CWEN,Clearway Energy Inc
SGMO,Sangamo Biosciences Inc
SCHL,Scholastic Corp
IOVA,Iovance Biotherapeutics Inc
MATW,Matthews Intl Corp
AMRX,Impax Laboratories Inc
LRN,K12 Inc
PJC,Piper Jaffray Cos
CRY,Cryolife Inc
TNC,Tennant Co
SBSI,Southside Bancshares Inc
CRAY,Cray Inc
AMSF,Amerisafe Inc
I,Intelsat Sa
HFWA,Heritage Financial Corp
TROX,Tronox Holdings Plc
SNBR,Sleep Number Corp
CNS,Cohen & Steers Inc
BSIG,Brightsphere Investment Group
AIR,Aar Corp
OIS,Oil States Intl Inc
TUP,Tupperware Brands Corp
FBNC,First Bancorp
RCM,R1 Rcm Inc
WGO,Winnebago Industries Inc
ATRC,Atricure Inc
GBX,Greenbrier Cos Inc/The
USNA,Usana Health Sciences Inc
CENTA,Central Garden & Pet Co
TTMI,Ttm Technologies Inc
NBHC,National Bank Holdings Corp
GES,Guess? Inc
CAL,Caleres Inc
FIT,Fitbit Inc - A
TVTY,Tivity Health Inc
DNLI,Denali Therapeutics Inc
HURN,Huron Consulting Group Inc
PATK,Patrick Industries Inc
TIVO,Rovi Corp
NNI,Nelnet Inc
DEA,Easterly Government Properti
AYR,Aircastle Ltd
VCRA,Vocera Communications Inc
NP,Neenah Paper Inc
NYMT,New York Mortgage Trust Inc
UHT,Universal Health Realty Income Trust
APOG,Apogee Enterprises Inc
CRZO,Carrizo Oil & Gas Inc
EGOV,Nic Inc
HLX,Helix Energy Solutions Group Inc
BJRI,Bj'S Restaurants Inc
GTY,Getty Realty Corp
SYKE,Sykes Enterprises Inc
GLUU,Glu Mobile Inc
SLCA,U.S. Silica Holdings Inc
MEI,Methode Electronics Inc
NXGN,Nextgen Healthcare Inc
BCC,Boise Cascade Co
HOME,At Home Group Inc
SFL,Ship Finance Intl Ltd
CVCO,Cavco Industries Inc
PBI,Pitney Bowes Inc
KNL,Knoll Inc
FBC,Flagstar Bancorp Inc
TEN,Tenneco Inc
TCBK,Trico Bancshares
SMP,Standard Motor Products Inc
CDNA,Caredx Inc
AQUA,Evoqua Water Technologies Co
AAWW,Atlas Air Worldwide Holdings Inc
BANF,Bancfirst Corp
TCMD,Tactile Systems Technology Inc
CBZ,Cbiz Inc
ISCA,Intl Speedway Corp
CBPX,Continental Building Products Inc
INVA,Innoviva Inc
PACB,Pacific Biosciences Of California Inc
MTSC,Mts Systems Corp
SSP,E. W. Scripps Co
ALG,Alamo Group Inc
WMS,Advanced Drainage Systems Inc
KEM,Kemet Corp
FATE,Fate Therapeutics Inc
HRI,Herc Holdings Inc
CDXS,Codexis Inc
ATKR,Atkore International Group I
GCI,Gannett Co Inc
RPT,Rpt Realty
PRFT,Perficient Inc
GEF,Greif Inc
SEMG,Semgroup Corp
FOCS,Focus Financial Partners Inc
STC,Stewart Information Services Corp
OFIX,Orthofix Medical Inc
HTZ,Hertz Global Holdings Inc
SWM,Schweitzer Mauduit Intl Inc
BATRK,Liberty Braves Group-C
MCRN,Milacron Holdings Corp
UFCS,United Fire Group Inc
TERP,Terraform Power Inc - A
GPMT,Granite Point Mortgage Trust
VGR,Vector Group Ltd
EVH,Evolent Health Inc
TBI,Trueblue Inc
BPFH,Boston Private Financial Holdings Inc
KAI,Kadant Inc
SPPI,Spectrum Pharmaceuticals Inc
TBPH,Theravance Biopharma Inc
ARR,Armour Residential Reit Inc
INOV,Inovalon Holdings Inc - A
BOOM,Dmc Global Inc
CLVS,Clovis Oncology Inc
NCI,Navigant Consulting Inc
ABR,Arbor Realty Trust Inc
LTRPA,Liberty Tripadvisor Holdings Inc
MSEX,Middlesex Water Co
TILE,Interface Inc
BRSS,Global Brass And Copper Holdings Inc
EFSC,Enterprise Financial Services Corp
UVE,Universal Insurance Holdings Inc
GH,Guardant Health Inc
DDD,3D Systems Corp
CTS,Cts Corp
ALTR,Altair Engineering Inc
HL,Hecla Mining Co
KRA,Kraton Performance Polymers Inc
IRT,Independence Realty Trust Inc
HIFR,Infrareit Inc
HEES,H&E Equipment Services Inc
NHC,National Healthcare Corp
NTGR,Netgear Inc
LNN,Lindsay Corp
LNTH,Lantheus Holdings Inc
CPS,Cooper-Standard Holdings Inc
CRC,California Resources Corp
TRHC,Tabula Rasa Healthcare Inc
ASIX,Advansix Inc
WIFI,Boingo Wireless Inc
LMNX,Luminex Corp
CLDT,Chatham Lodging Trust
FARO,Faro Technologies Inc
DNR,Denbury Resources Inc
CSWI,Csw Industrials Inc
MGPI,Mgp Ingredients Inc
HTLD,Heartland Express Inc
SCSC,Scansource Inc
BNFT,Benefitfocus Inc
PRIM,Primoris Services Corp
CJ,C&J Energy Services Inc
GCO,Genesco Inc
WPG,Wp Glimcher Inc
BABY,Natus Medical Inc
PBYI,Puma Biotechnology Inc
AIMT,Aimmune Therapeutics Inc
PGTI,Pgt Inc
PJT,Pjt Partners Inc
FDP,Fresh Del Monte Produce Inc
GME,Gamestop Corp
RDUS,Radius Health Inc
SXI,Standex Intl Corp
TPRE,Third Point Reinsurance Ltd
WTW,Weight Watchers Intl Inc
MBUU,Malibu Boats Inc
OFG,Ofg Bancorp
CEIX,Consol Energy Inc
OMER,Omeros Corp
LILA,Liberty Latin Americ-Cl A
MLAB,Mesa Laboratories Inc
HMHC,Houghton Mifflin Harcourt Co
RGR,Sturm Ruger & Co Inc
BCRX,Biocryst Pharmaceuticals Inc
ACCO,Acco Brands Corp
MBI,Mbia Inc
ETM,Entercom Communications Corp
AMBC,Ambac Financial Group Inc
ENVA,Enova Intl Inc
HLNE,Hamilton Lane Inc-Class A
CTWS,Connecticut Water Service Inc
CHRS,Coherus Biosciences Inc
DBD,Diebold Inc
GOLF,Acushnet Holdings Corp
CPF,Central Pacific Financial Corp
QUOT,Quotient Technology Inc
EBSB,Meridian Interstate Bancorp Inc
QTNA,Quantenna Communications Inc
THR,Thermon Group Holdings Inc
VNDA,Vanda Pharmaceuticals Inc
WETF,Wisdomtree Investments Inc
TENB,Tenable Holdings Inc
CMCO,Columbus Mckinnon Corp
KFRC,Kforce Inc
RTEC,Rudolph Technologies Inc
BOOT,Boot Barn Holdings Inc
TCX,Tucows Inc-Class A
ATRO,Astronics Corp
TRUP,Trupanion Inc
UTL,Unitil Corp
ALX,Alexander'S Inc
CVI,Cvr Energy Inc
PLOW,Douglas Dynamics Inc
WRLD,World Acceptance Corp
ANDE,Andersons Inc/The
VRTS,Virtus Investment Partners Inc
WNC,Wabash National Corp
SRI,Stoneridge Inc
WASH,Washington Trust Bancorp Inc
AHH,Armada Hoffler Properties Inc
FSP,Franklin Street Properties Corp
AMKR,Amkor Technology Inc
AMPH,Amphastar Pharmaceuticals Inc
ADTN,Adtran Inc
XENT,Intersect Ent Inc
CISN,Cision Ltd
KELYA,Kelly Services Inc
CARB,Carbonite Inc
VCEL,Vericel Corp
CARO,Carolina Financial Corp
AXGN,Axogen Inc
INSP,Inspire Medical Systems Inc
CLBK,Columbia Financial Inc
VRS,Verso Corp - A
CERS,Cerus Corp
AKS,Ak Steel Holding Corp
BMTC,Bryn Mawr Bank Corp
NANO,Nanometrics Inc
NRE,Northstar Realty Europe Corp
MHO,M/I Homes Inc
AMC,Amc Entertainment Holdings Inc
CBAY,Cymabay Therapeutics Inc
MRTN,Marten Transport Ltd
SSTK,Shutterstock Inc
CKH,Seacor Holdings Inc
RUTH,Ruth'S Hospitality Group Inc
DDS,Dillard'S Inc
TELL,Tellurian Inc
TBK,Triumph Bancorp Inc
SP,Sp Plus Corp
NXRT,Nexpoint Residential Trust Inc
SYBT,Stock Yards Bancorp Inc
LBAI,Lakeland Bancorp Inc
AVX,Avx Corp
IIPR,Innovative Industrial Properties Inc
EXTR,Extreme Networks Inc
SRCE,1St Source Corp
MCS,Marcus Corp/The
TRST,Trustco Bank Corp N Y
ARCB,Arcbest Corp
RTRX,Retrophin Inc
USCR,Us Concrete Inc
ASTE,Astec Industries Inc
ANGO,Angiodynamics Inc
TPC,Tutor Perini Corp
ECPG,Encore Capital Group Inc
EPZM,Epizyme Inc
GPRO,Gopro Inc
UVSP,Univest Corp Of Pennsylvania
LBRT,Liberty Oilfield Services Inc
MDGL,Madrigal Pharmaceuticals Inc
MOD,Modine Manufacturing Co
CMO,Capstead Mortgage Corp
MTSI,M/A-Com Technology Solutions Holdings Inc
PRSC,Providence Service Corp
CHEF,Chefs Warehouse Inc/The
EPRT,Essential Properties Realty Trust Inc
CCS,Century Communities Inc
HAFC,Hanmi Financial Corp
COHU,Cohu Inc
MMI,Marcus & Millichap Inc
IRET,Investors Real Estate Trust
NSTG,Nanostring Technologies Inc
HMST,Homestreet Inc
CASH,Meta Financial Group Inc
CCF,Chase Corp
RYAM,Rayonier Advanced Materials Inc
AGX,Argan Inc
AGM,Federal Agricultural Mortgage Corp
CAC,Camden National Corp
COOP,Mr Cooper Group Inc
PLAN,Anaplan Inc
ALDR,Alder Biopharmaceuticals Inc
TRTX,Tpg Re Finance Trust Inc
UPLD,Upland Software Inc
EVOP,Evo Payments Inc-Class A
RMAX,Re/Max Holdings Inc
TDW,Tidewater Inc
LABL,Multi-Color Corp
TYPE,Monotype Imaging Holdings Inc
CASS,Cass Information Systems Inc
MGNX,Macrogenics Inc
SKY,Skyline Champion Corp
GLT,P H Glatfelter Co
PFBC,Preferred Bank
CNOB,Connectone Bancorp Inc
GABC,German American Bancorp Inc
DMRC,Digimarc Corp
JAG,Jagged Peak Energy Inc
VECO,Veeco Instruments Inc
TXMD,Therapeuticsmd Inc
HSTM,Healthstream Inc
UBNK,United Financial Bancorp Inc
NR,Newpark Resources Inc
OPK,Opko Health Inc
CBLK,Carbon Black Inc
DRNA,Dicerna Pharmaceuticals Inc
ALLO,Allogene Therapeutics Inc
UBA,Urstadt Biddle Properties Inc
VCYT,Veracyte Inc
APLS,Apellis Pharmaceuticals Inc
INFN,Infinera Corp
JBSS,John B Sanfilippo & Son Inc
FIZZ,National Beverage Corp
ARQL,Arqule Inc
HT,Hersha Hospitality Trust
NFBK,Northfield Bancorp Inc
ADUS,Addus Homecare Corp
ORIT,Oritani Financial Corp
NE,Noble Corp Plc
TRUE,Truecar Inc
EVRI,Everi Holdings Inc
APTS,Preferred Apartment Communities Inc
CTBI,Community Trust Bancorp Inc
CHCT,Community Healthcare Trust Inc
TR,Tootsie Roll Industries Inc
HSII,Heidrick & Struggles Intl Inc
ECHO,Echo Global Logistics Inc
HUD,Hudson Ltd
BLX,Banco Latinoamericano De Comercio Exterior Sa
PARR,Par Petroleum Corp
CDE,Coeur Mining Inc
BFS,Saul Centers Inc
CRVL,Corvel Corp
FFG,Fbl Financial Group Inc
QNST,Quinstreet Inc
LION,Fidelity Southern Corp
ATNI,Atlantic Tele-Network Inc
CUBI,Customers Bancorp Inc
TCDA,Tricida Inc
MTW,Manitowoc Company Inc
GSBC,Great Southern Bancorp Inc
PAHC,Phibro Animal Health Corp
UNT,Unit Corp
DCOM,Dime Community Bancshares Inc
REGI,Renewable Energy Group Inc
CARA,Cara Therapeutics Inc
VICR,Vicor Corp
GLDD,Great Lakes Dredge & Dock Corp
MYE,Myers Industries Inc
IPHS,Innophos Holdings Inc
HBNC,Horizon Bancorp
PLAB,Photronics Inc
NVEE,Nv5 Holdings Inc
ACLS,Axcelis Technologies Inc
EGRX,Eagle Pharmaceuticals Inc
GOOD,Gladstone Commercial Corp
DOMO,Domo Inc - Class B
GMS,Gms Inc
GLOG,Gaslog Ltd
BRY,Berry Petroleum Corp
NEWM,New Media Investment Group Inc
SCHN,Schnitzer Steel Industries Inc
NWLI,National Western Life Insurance Co
BANC,Banc Of California Inc
FRO,Frontline Ltd
FFIC,Flushing Financial Corp
ITCI,Intra-Cellular Therapies Inc
UNFI,United Natural Foods Inc
GPRE,Green Plains Renewable Energy Inc
NTRA,Natera Inc
WLH,William Lyon Homes
PSDO,Presidio Inc
STML,Stemline Therapeutics Inc
DXPE,Dxp Enterprises Inc
FDEF,First Defiance Financial Corp
OBNK,Origin Bancorp Inc
DO,Diamond Offshore Drilling Inc
UEIC,Universal Electronics Inc
JOE,St. Joe Co
KOP,Koppers Holdings Inc
FBK,Fb Financial Corp
GRC,Gorman-Rupp Co
OSUR,Orasure Technologies Inc
FOSL,Fossil Group Inc
NCMI,National Cinemedia Inc
INTL,Intl Fcstone Inc
PQG,Pq Group Holdings Inc
TALO,Talos Energy Inc
ZIOP,Ziopharm Oncology Inc
PEBO,Peoples Bancorp Inc
RGS,Regis Corp
ALLK,Allakos Inc
STFC,State Auto Financial Corp
KBAL,Kimball Intl Inc
BMRC,Bank Of Marin Bancorp
ATNX,Athenex Inc
HY,Hyster-Yale Materials Handling Inc
TSC,Tristate Capital Holdings Inc
STAR,Istar Financial Inc
GFF,Griffon Corp
ANIP,Ani Pharmaceuticals Inc
ANIK,Anika Therapeutics Inc
WVE,Wave Life Sciences Ltd
ORBC,Orbcomm Inc
MOV,Movado Group Inc
SPTN,Spartannash Co
MSBI,Midland States Bancorp Inc
FLIC,First Of Long Island Corp
CRMT,America'S Car-Mart Inc
HSKA,Heska Corp
CPLG,Corepoint Lodging Inc
SRDX,Surmodics Inc
LASR,Nlight Inc
KEYW,Keyw Holding Corp
RESI,Front Yard Residential Corp
NTLA,Intellia Therapeutics Inc
NX,Quanex Building Products Corp
FFWM,First Foundation Inc
MBWM,Mercantile Bank Corp
BKE,Buckle Inc
ZIXI,Zix Corp
WSC,Willscot Corp
WAIR,Wesco Aircraft Holdings Inc
TTEC,Teletech Holdings Inc
MYRG,Myr Group Inc
NPK,National Presto Industries Inc
CMTL,Comtech Telecommunications Corp
CEVA,Ceva Inc
BBSI,Barrett Business Services Inc
LPI,Laredo Petroleum Inc
ETH,Ethan Allen Interiors Inc
UCTT,Ultra Clean Holdings Inc
EZPW,Ezcorp Inc
FLWS,1-800-Flowers.Com Inc
PVAC,Penn Virginia Corp
SXC,Suncoke Energy Inc
PGC,Peapack-Gladstone Financial Corp
FCBC,First Community Bancshares Inc
VKTX,Viking Therapeutics Inc
FRAC,Keane Group Inc
KLXE,Klx Energy Services Holdings Inc
AEGN,Aegion Corp
VYGR,Voyager Therapeutics Inc
DCO,Ducommun Inc
CWEN.A,Clearway Energy Inc
RST,Rosetta Stone Inc
VRAY,Viewray Inc
AXDX,Accelerate Diagnostics Inc
DHT,Dht Holdings Inc
RDNT,Radnet Inc
RUBY,Rubius Therapeutics Inc
ICHR,Ichor Holdings Ltd
ACOR,Acorda Therapeutics Inc
PLUG,Plug Power Inc
FORR,Forrester Research Inc
GTS,Triple-S Management Corp
TGTX,Tg Therapeutics Inc
MTRX,Matrix Service Co
DFIN,Donnelley Financial Solutions Inc
UIS,Unisys Corp
CIR,Circor Intl Inc
TBBK,Bancorp Inc
WTTR,Select Energy Services Inc-A
AGS,Playags Inc
AKBA,Akebia Therapeutics Inc
PEI,Pennsylvania Reit
AOBC,American Outdoor Brands Corp
BDGE,Bridge Bancorp Inc
EBF,Ennis Inc
VSTO,Vista Outdoor Inc
CBTX,Cbtx Inc
MNOV,Medicinova Inc
HLIT,Harmonic Inc
MODN,Model N Inc
YETI,Yeti Holdings Inc
WMC,Western Asset Mortgage Capital Corp
BV,Brightview Holdings Inc
WTI,W&T Offshore Inc
HTBK,Heritage Commerce Corp
APEI,American Public Education Inc
QADA,Qad Inc
OSPN,Onespan Inc
LORL,Loral Space & Communications Inc
THFF,First Financial Corp
RVNC,Revance Therapeutics Inc
GTHX,G1 Therapeutics Inc
REX,Rex American Resources Corp
BGG,Briggs & Stratton Corp
ZUMZ,Zumiez Inc
SAH,Sonic Automotive Inc
CTT,Catchmark Timber Trust Inc
MCRI,Monarch Casino & Resort Inc
SPN,Superior Energy Services Inc
KURA,Kura Oncology Inc
RECN,Resources Connection Inc
SOI,Solaris Oilfield Infrast-A
WSR,Whitestone Reit
AHT,Ashford Hospitality Trust Inc
CONN,Conns Inc
MITT,Ag Mortgage Investment Trust Inc
PDLI,Pdl Biopharma Inc
VIVO,Meridian Bioscience Inc
NCBS,Nicolet Bankshares Inc
TISI,Team Inc
DHIL,Diamond Hill Investment Group Inc
RBCAA,Republic Bancorp Inc
NRCIA,National Research Corp
AVD,American Vanguard Corp
CORR,Corenergy Infrastructure Trust Inc
PI,Impinj Inc
SPWR,Sunpower Corp
FET,Forum Energy Technologies Inc
IBCP,Independent Bank Corp
MCFT,Mastercraft Boat Holdings Inc
CIO,City Office Reit Inc
SNR,New Senior Investment Group Inc
PFSI,Pennymac Financial Services
CTRL,Control4 Corp
CWH,Camping World Holdings Inc
IMGN,Immunogen Inc
CAMP,Calamp Corp
RC,Ready Capital Corp
TG,Tredegar Corp
RCKT,Rocket Pharmaceuticals Inc
LMAT,Lemaitre Vascular Inc
FMBH,First Mid-Illinois Bancshares Inc
CTMX,Cytomx Therapeutics Inc
QCRH,Qcr Holdings Inc
UMH,Umh Properties Inc
NOG,Northern Oil And Gas Inc
EXTN,Exterran Corp
COWN,Cowen Group Inc-Class A
PUB,People'S Utah Bancorp
FISI,Financial Institutions Inc
PETQ,Petiq Inc
PGNX,Progenics Pharmaceuticals Inc
BCEI,Bonanza Creek Energy Inc
UCFC,United Community Financial Corp
WINA,Winmark Corp
PRMW,Primo Water Corp
RRGB,Red Robin Gourmet Burgers Inc
CHS,Chico'S Fas Inc
RARX,Ra Pharmaceuticals Inc
KREF,Kkr Real Estate Finance Trus
VEC,Vectrus Inc
PRTA,Prothena Corp Plc
ACBI,Atlantic Capital Bancshares Inc
OLP,One Liberty Properties Inc
HTBI,Hometrust Bancshares Inc
RAD,Rite Aid Corp
AKRX,Akorn Inc
CYRX,Cryoport Inc
YORW,York Water Co
OPB,Opus Bank
ATRS,Antares Pharma Inc
LOB,Live Oak Bancshares Inc
CLNE,Clean Energy Fuels Corp
TOWR,Tower Intl Inc
TPB,Turning Point Brands Inc
MOBL,Mobileiron Inc
OXFD,Oxford Immunotec Global Plc
GLYC,Glycomimetics Inc
FI,Frank'S Intl Nv
ABTX,Allegiance Bancshares Inc
BHB,Bar Harbor Bankshares
JCP,J C Penney Co Inc
WSBF,Waterstone Financial Inc
CRBP,Corbus Pharmaceuticals Holdi
CCNE,Cnb Financial Corp Inc
COLL,Collegium Pharmaceutical Inc
EIDX,Eidos Therapeutics Inc
PRTY,Party City Holdco Inc
SRNE,Sorrento Therapeutics Inc
CYTK,Cytokinetics Inc
DX,Dynex Capital Inc
AROW,Arrow Financial Corp
VPG,Vishay Precision Group Inc
PETS,Petmed Express Inc
NVEC,Nve Corp
DVAX,Dynavax Technologies Corp
INSW,International Seaways Inc-Wi
JOUT,Johnson Outdoors Inc
ANH,Anworth Mortgage Asset Corp
HAYN,Haynes Intl Inc
CAI,Cai Intl Inc
SSTI,Shotspotter Inc
OLBK,Old Line Bancshares Inc
HCKT,Hackett Group Inc
RILY,B. Riley Financial Inc
CNXN,Pc Connection Inc
HCCI,Heritage-Crystal Clean Inc
ACRE,Ares Commercial Real Estate Corp
JCAP,Jernigan Capital Inc
CENX,Century Aluminum Co
BSTC,Biospecifics Technologies Corp
RMR,Rmr Group Inc A
LTS,Ladenburg Thalmann Financial Services Inc
GNMK,Genmark Diagnostics Inc
AMNB,American National Bankshares Inc
TLRD,Tailored Brands Inc
DERM,Dermira Inc
RYTM,Rhythm Pharmaceuticals Inc
KE,Kimball Electronics Inc
IMKTA,Ingles Markets Inc
FBMS,First Bancshares Inc/Ms
VHC,Virnetx Holding Corp
BHR,Braehmar Hotels & Resorts Inc
TRC,Tejon Ranch Co
FLDM,Fluidigm Corp
PDVW,Pdvwireless Inc
MPAA,Motorcar Parts Of America Inc
AMSWA,American Software Inc
ERII,Energy Recovery Inc
CHUY,Chuy'S Holdings Inc
OSBC,Old Second Bancorp Inc
FIXX,Homology Medicines Inc
BSRR,Sierra Bancorp
ACHN,Achillion Pharmaceuticals Inc
AMAG,Amag Pharmaceuticals Inc
RIGL,Rigel Pharmaceuticals Inc
LDL,Lydall Inc
MAXR,Maxar Technologies Inc
TMST,Timkensteel Corp
NNBR,Nn Inc
FMNB,Farmers National Banc Corp
WMK,Weis Markets Inc
HWKN,Hawkins Inc
TPIC,Tpi Composites Inc
HIBB,Hibbett Sports Inc
FPRX,Five Prime Therapeutics Inc
PDFS,Pdf Solutions Inc
IIIN,Insteel Industries Inc
WLDN,Willdan Group Inc
HZO,Marinemax Inc
MITK,Mitek Systems Inc
FF,Futurefuel Corp
MBIN,Merchants Bancorp/In
EIGI,Endurance Intl Group Holdings Inc
ARAY,Accuray Inc
CBB,Cincinnati Bell Inc
TTGT,Techtarget Inc
CNSL,Consolidated Communications Holdings Inc
MLR,Miller Industries Inc
TACO,Del Taco Restaurants Inc
EQBK,Equity Bancshares Inc
CSTE,Caesarstone Ltd
KIDS,Orthopediatrics Corp
FSB,Franklin Financial Network Inc
REVG,Rev Group Inc
LL,Lumber Liquidators Holdings Inc
MEET,Meet Group Inc
ADVM,Adverum Biotechnologies Inc
BCOV,Brightcove Inc
RCUS,Arcus Biosciences Inc
HVT,Haverty Furniture Cos Inc
XAN,Exantas Capital Corp
IPI,Intrepid Potash Inc
SCVL,Shoe Carnival Inc
TRXC,Transenterix Inc
LIND,Lindblad Expeditions Holdings Inc
LMNR,Limoneira Co
QUAD,Quad/Graphics Inc
INO,Inovio Pharmaceuticals Inc
CIA,Citizens Inc
ASMB,Assembly Biosciences Inc
HOFT,Hooker Furniture Corp
FRPH,Frp Holdings Inc
CZNC,Citizens & Northern Corp
DGII,Digi Intl Inc
WTBA,West Bancorp Inc
NSSC,Napco Security Technologies
CETV,Central European Media Enterprises Ltd
DPLO,Diplomat Pharmacy Inc
GHL,Greenhill & Co Inc
ATEN,A10 Networks Inc
CRAI,Cra Intl Inc
AKCA,Akcea Therapeutics Inc
SPAR,Spartan Motors Inc
BBX,Bbx Capital Corp
CPSI,Computer Programs And Systems Inc
LLNW,Limelight Networks Inc
ALBO,Albireo Pharma Inc
CSV,Carriage Services Inc
NINE,Nine Energy Service Inc
CRCM,Care.Com Inc
KIN,Kindred Biosciences Inc
USAT,Usa Technologies Inc
XON,Intrexon Corp
FLXN,Flexion Therapeutics Inc
CATO,Cato Corp
SRRK,Scholar Rock Holding Corp
FRGI,Fiesta Restaurant Group Inc
BY,Byline Bancorp Inc
TLRA,Telaria Inc
VRTV,Veritiv Corp
STRL,Sterling Construction Co Inc
DS,Drive Shack Inc
EEX,Emerald Expositions Events I
MOFG,Midwestone Financial Group Inc
UFI,Unifi Inc
CIVB,Civista Bancshares Inc
GSHD,Goosehead Insurance Inc
OMN,Omnova Solutions Inc
BZH,Beazer Homes Usa Inc
ORC,Orchid Island Capital Inc
CALX,Calix Inc
SVRA,Savara Inc
TITN,Titan Machinery Inc
SVMK,Svmk Inc
TAST,Carrols Restaurant Group Inc
PKE,Park Electrochemical Corp
PKOH,Park-Ohio Holdings Corp
MRT,Medequities Realty Trust Inc
PCSB,Pcsb Financial Corp
CATC,Cambridge Bancorp
LXRX,Lexicon Pharmaceuticals Inc
BKS,Barnes & Noble Inc
POWL,Powell Industries Inc
UIHC,United Insurance Holdings Corp
HCI,Hci Group Inc
ECOM,Channeladvisor Corp
NAT,Nordic American Tanker Ltd
GERN,Geron Corp
CENT,Central Garden & Pet Co
CLAR,Clarus Corp
EMCI,Emc Insurance Group Inc
GLRE,Greenlight Capital Re Ltd
EBTC,Enterprise Bancorp Inc
PFIS,Peoples Financial Services Corp
GOGO,Gogo Inc
CYH,Community Health Systems Inc
CSLT,Castlight Health Inc
AGYS,Agilysys Inc
CLW,Clearwater Paper Corp
SMMF,Summit Financial Group Inc
SMTA,Spirit Mta Reit
CMRE,Costamare Inc
TK,Teekay Corp
ARLO,Arlo Technologies Inc
SIGA,Siga Technologies Inc
CCRN,Cross Country Healthcare Inc
AMRC,Ameresco Inc
SONA,Southern National Bancorp Of Virginia Inc
VSLR,Vivint Solar Inc
ARTNA,Artesian Resources Corp
HRTG,Heritage Insurance Holdings Inc
UTMD,Utah Medical Products Inc
HBCP,Home Bancorp Inc
AQ,Aquantia Corp
KRO,Kronos Worldwide Inc
FTSI,Fts International Inc
NKSH,National Bankshares Inc
REI,Ring Energy Inc
PTN,Palatin Technologies Inc
EROS,Eros Intl Plc
HIIQ,Health Insurance Innovations Inc
ELF,E.L.F. Beauty Inc
SGH,Smart Global Holdings Inc
SALT,Scorpio Bulkers Inc
RTIX,Rti Surgical Inc
ASRT,Assertio Therapeutics Inc
TWI,Titan Intl Inc
MCBC,Macatawa Bank Corp
OSTK,Overstock.Com Inc
SYX,Systemax Inc
CDR,Cedar Realty Trust Inc
FMAO,Farmers & Merchants Banco/Oh
CHMI,Cherry Hill Mortgage Investm
TBIO,Translate Bio Inc
FC,Franklin Covey Co
PAR,Par Technology Corp
BATRA,Liberty Braves Group-A
CCXI,Chemocentryx Inc
MCB,Metropolitan Bank Holding Co
RBB,Rbb Bancorp
HONE,Harborone Bancorp Inc
SLP,Simulations Plus Inc
BFST,Business First Bancshares Inc
FNLC,First Bancorp Inc
RMTI,Rockwell Medical Inc
CPRX,Catalyst Pharmaceuticals Inc
AVRO,Avrobio Inc
CNBKA,Century Bancorp Inc
GDEN,Golden Entertainment Inc
GEF.B,Greif Inc
VRA,Vera Bradley Inc
RLGT,Radiant Logistics Inc
EGLE,Eagle Bulk Shipping Inc
DAKT,Daktronics Inc
HMTV,Hemisphere Media Group Inc
BRG,Bluerock Residential Growth Reit Inc
CCBG,Capital City Bank Group Inc
AMOT,Allied Motion Technologies Inc
SPOK,Spok Holdings Inc
IMMR,Immersion Corp
ACNB,Acnb Corp
BIOS,Bioscrip Inc
TGH,Textainer Group Holdings Ltd
BLBD,Blue Bird Corp
HABT,Habit Restaurants Inc/The
TTI,Tetra Technologies Inc
GBLI,Global Indemnity Plc
UPWK,Upwork Inc
OOMA,Ooma Inc
SFST,Southern First Bancshares Inc
HPR,Highpoint Resources Corp
SD,Sandridge Energy Inc
LOVE,Lovesac Co
WHG,Westwood Holdings Group Inc
OPY,Oppenheimer Holdings Inc
FTSV,Forty Seven Inc
RBBN,Ribbon Communications Inc
NCS,Nci Building Systems Inc
BWB,Bridgewater Bancshares Inc
ASC,Ardmore Shipping Corp
AT,Atlantic Power Corp
BCML,Baycom Corp
CUTR,Cutera Inc
LOCO,El Pollo Loco Holdings Inc
RDI,Reading Intl Inc
KZR,Kezar Life Sciences Inc
HIFS,Hingham Institution For Savings
OFLX,Omega Flex Inc
NRIM,Northrim Bancorp Inc
UEC,Uranium Energy Corp
EXPR,Express Inc
AFI,Armstrong Flooring Inc
ONDK,On Deck Capital Inc
ELOX,Eloxx Pharmaceuticals Inc
OMI,Owens & Minor Inc
HURC,Hurco Cos Inc
ABEO,Abeona Therapeutics Inc
UFPT,Ufp Technologies Inc
FNKO,Funko Inc-Class A
AGEN,Agenus Inc
ASPS,Altisource Portfolio Solutions Sa
LNDC,Landec Corp
WNEB,Western New England Bancorp Inc
XXII,22Nd Century Group Inc
DJCO,Daily Journal Corp
RRD,Rr Donnelley & Sons Co
CNTY,Century Casinos Inc
VSEC,Vse Corp
CECE,Ceco Environmental Corp
ATLO,Ames National Corp
AVID,Avid Technology Inc
CVGI,Commercial Vehicle Group Inc
SMBC,Southern Missouri Bancorp Inc
IVC,Invacare Corp
TLYS,Tilly'S Inc
UUUU,Energy Fuels Inc
RM,Regional Management Corp
ADES,Advanced Emissions Solutions Inc
SMBK,Smartfinancial Inc
FLNT,Fluent Inc
ASNA,Ascena Retail Group Inc
ACRS,Aclaris Therapeutics Inc
CVCY,Central Valley Community Bancorp
WOW,Wideopenwest Inc
CDZI,Cadiz Inc
KPTI,Karyopharm Therapeutics Inc
CNCE,Concert Pharmaceuticals Inc
AMBR,Amber Road Inc
BXC,Bluelinx Holdings Inc
RBNC,Reliant Bancorp Inc
AAOI,Applied Optoelectronics Inc
GRBK,Green Brick Partners Inc
SPNE,Seaspine Holdings Corp
PHX,Panhandle Oil And Gas Inc
FBM,Foundation Building Material
NWPX,Northwest Pipe Co
GMRE,Global Medical Reit Inc
VLGEA,Village Super Market Inc
AOSL,Alpha And Omega Semiconductor Ltd
AI,Arlington Asset Investment Corp
AJX,Great Ajax Corp
STXB,Spirit Of Texas Bancshares Inc
EOLS,Evolus Inc
NPTN,Neophotonics Corp
CVTI,Covenant Transportation Group Inc
FTR,Frontier Communications Corp
CTRN,Citi Trends Inc
XERS,Xeris Pharmaceuticals Inc
CULP,Culp Inc
CDMO,Avid Bioservices Inc
ITIC,Investors Title Co
CTO,Consolidated-Tomoka Land Co
CRNX,Crinetics Pharmaceuticals Inc
SFE,Safeguard Scientifics Inc
PICO,Pico Holdings Inc
TNK,Teekay Tankers Ltd
IIIV,I3 Verticals Inc
KDMN,Kadmon Holdings Inc
ADRO,Aduro Biotech Inc
CYCN,Cyclerion Therapeutics Inc
TBNK,Territorial Bancorp Inc
DSKE,Daseke Inc
MGTX,Meiragtx Holdings Plc
MNKD,Mannkind Corp
MG,Mistras Group Inc
LAWS,Lawson Products Inc
SMHI,Seacor Marine Holdings Inc
BELFB,Bel Fuse Inc
INBK,First Internet Bancorp
TSBK,Timberland Bancorp Inc
SBT,Sterling Bancorp Inc
TOCA,Tocagen Inc
OCN,Ocwen Financial Corp
LPG,Dorian Lpg Ltd
UBX,Unity Biotechnology Inc
MRNS,Marinus Pharmaceuticals Inc
GNTY,Guaranty Bancshares Inc
MGTA,Magenta Therapeutics Inc
PETX,Aratana Therapeutics Inc
LCI,Lannett Co Inc
AXTI,Axt Inc
TNAV,Telenav Inc
LBC,Luther Burbank Corp
CBL,Cbl & Associates Properties Inc
TREC,Trecora Resources
FRBK,Republic First Bancorp Inc
DCPH,Deciphera Pharmaceuticals In
ISTR,Investar Holding Corp
AMAL,Amalgamated Bank
WAAS,Aquaventure Holdings Ltd
EVC,Entravision Communications Corp
NERV,Minerva Neurosciences Inc
CTSO,Cytosorbents Corp
TRK,Speedway Motorsports Inc
FSTR,L.B. Foster Co
LKSD,Lsc Communications Inc
RICK,Rci Hospitality Holdings Inc
PCB,Pacific City Financial Corp
SAFE,Safehold Inc
OPTN,Optinose Inc
STIM,Neuronetics Inc
CALA,Calithera Biosciences Inc
FOR,Forestar Group Inc
WEYS,Weyco Group Inc
CVLY,Codorus Valley Bancorp Inc
DFRG,Del Frisco'S Restaurant Group Inc
SENS,Senseonics Holdings Inc
GOSS,Gossamer Bio Inc
NGS,Natural Gas Services Group Inc
FBIZ,First Business Financial Services Inc
ZAGG,Zagg Inc
FSBW,Fs Bancorp Inc
NATH,Nathan'S Famous Inc
ENFC,Entegra Financial Corp
AXAS,Abraxas Petroleum Corp
SGRY,Surgery Partners Inc
SHBI,Shore Bancshares Inc
CNST,Constellation Pharmaceuticals Inc
GHM,Graham Corp
PFBI,Premier Financial Bancorp Inc
HBMD,Howard Bancorp Inc
IIN,Intricon Corp
QTRX,Quanterix Corp
SIEN,Sientra Inc
RGCO,Rgc Resources Inc
FCBP,First Choice Bancorp
PWOD,Penns Woods Bancorp Inc
CLPR,Clipper Realty Inc
CBMG,Cellular Biomedicine Group Inc
ULH,Universal Truckload Services Inc
FPI,Farmland Partners Inc
MRLN,Marlin Business Services Corp
YRCW,Yrc Worldwide Inc
CWCO,Consolidated Water Co Ltd
BFIN,Bankfinancial Corp
BREW,Craft Brew Alliance Inc
FTK,Flotek Industries Inc
MXWL,Maxwell Technologies Inc
NWFL,Norwood Financial Corp
REPL,Replimune Group Inc
NC,Nacco Industries Inc
MSL,Midsouth Bancorp Inc
CCO,Clear Channel Outdoor Holdings Inc
IOTS,Adesto Technologies Corp
BGSF,Bg Staffing Inc
FRBA,First Bank
LQDT,Liquidity Services Inc
REV,Revlon Inc
BWFG,Bankwell Financial Group Inc
ATHX,Athersys Inc
EPM,Evolution Petroleum Corp
RUSHB,Rush Enterprises Inc
TTS,Tile Shop Holdings Inc
EGAN,Egain Corp
SLCT,Select Bancorp Inc
CASA,Casa Systems Inc
LAND,Gladstone Land Corp
TPCO,Tribune Publishing Co
SENEA,Seneca Foods Corp
TUSK,Mammoth Energy Services Inc
CDXC,Chromadex Corp
GORO,Gold Resource Corp
BCBP,Bcb Bancorp Inc
KNSA,Kiniksa Pharmaceuticals Ltd
PZN,Pzena Investment Management Inc
BSET,Bassett Furniture Industries Inc
ERA,Era Group Inc
MFSF,Mutualfirst Financial Inc
RYI,Ryerson Holding Corp
FNHC,Federated National Holding Co
PCYO,Pure Cycle Corp
FARM,Farmer Bros. Co
RCKY,Rocky Brands Inc
LE,Lands End Inc
ESXB,Community Bankers Trust Corp
PRNB,Principia Biopharma Inc
SYRS,Syros Pharmaceuticals Inc
NIHD,Nii Holdings Inc
HK,Halcon Resources Corp
CASI,Casi Pharmaceuticals Inc
EVBN,Evans Bancorp Inc
ALDX,Aldeyra Therapeutics Inc
IHC,Independence Holding Co
AXNX,Axonics Modulation Technolog
BPRN,Bank Of Princeton
SBBX,Sb One Bancorp
SONO,Sonos Inc
RVSB,Riverview Bancorp Inc
PRTK,Paratek Pharmaceuticals Inc
GNC,Gnc Holdings Inc
USLM,United States Lime & Minerals Inc
GPX,Gp Strategies Corp
PFNX,Pfenex Inc
BOCH,Bank Of Commerce Holdings
REPH,Recro Pharma Inc
FDBC,Fidelity D&D Bancorp Inc
ENZ,Enzo Biochem Inc
ARVN,Arvinas Inc
NBN,Northeast Bancorp
XELA,Exela Technologies Inc
MLVF,Malvern Bancorp Inc
LJPC,La Jolla Pharmaceutical Co
PIRS,Pieris Pharmaceuticals Inc
PRGX,Prgx Global Inc
CLFD,Clearfield Inc
SPWH,Sportsman'S Warehouse Holdings Inc
TYME,Tyme Technologies Inc
CHMG,Chemung Financial Corp
UNTY,Unity Bancorp Inc
ODC,Oil-Dri Corp Of America
BNED,Barnes & Noble Education Inc
CFFI,C&F Financial Corp
SIFI,Si Financial Group Inc
KVHI,Kvh Industries Inc
SCWX,Secureworks Corp
AMRS,Amyris Inc
SYNL,Synalloy Corp
DF,Dean Foods Co
YMAB,Y-Mabs Therapeutics Inc
NODK,Ni Holdings Inc
PYX,Pyxus International Inc
WLFC,Willis Lease Finance Corp
MPO,Midstates Petroleum Co Inc
PLPC,Preformed Line Products Co
PTVCB,Protective Insurance Corp- B
TIPT,Tiptree Financial Inc
MDCA,Mdc Partners Inc
ACMR,Acm Research Inc
LCNB,Lcnb Corp
PKBK,Parke Bancorp Inc
PBPB,Potbelly Corp
OVBC,Ohio Valley Banc Corp
NVAX,Novavax Inc
ORRF,Orrstown Financial Services Inc
ACTG,Acacia Research Corp
PBIP,Prudential Bancorp Inc
STRS,Stratus Properties Inc
SIBN,Si-Bone Inc
ZEUS,Olympic Steel Inc
FLXS,Flexsteel Industries Inc
SFS,Smart & Final Stores Inc
IESC,Ies Holdings Inc
FNWB,First Northwest Bancorp
CUE,Cue Biopharma Inc
LIVX,Livexlive Media Inc
INWK,Innerworkings Inc
TCFC,Community Financial Corp/The
TWIN,Twin Disc Inc
SGC,Superior Uniform Group Inc
ESSA,Essa Bancorp Inc
UNB,Union Bankshares Inc
EML,Eastern Co/The
ESQ,Esquire Financial Holdings Inc
FCCY,1St Constitution Bancorp
HALL,Hallmark Financial Services Inc
TCS,Container Store Group Inc
ARDX,Ardelyx Inc
EVI,Evi Industries Inc
MVBF,Mvb Financial Corp
ODT,Odonate Therapeutics Inc
BRT,Brt Apartments Corp
JAX,J Alexanders Holdings Inc
UBFO,United Security Bancshare/Ca
DLTH,Duluth Holdings Inc
CURO,Curo Group Holdings Corp
RNET,Rignet Inc
VSTM,Verastem Inc
PLSE,Pulse Biosciences Inc
LFGR,Leaf Group Ltd
BTX,Biotime Inc
BOMN,Boston Omaha Corp
OPBK,Op Bancorp
FFNW,First Financial Northwest Inc
DRRX,Durect Corp
USX,Us Xpress Enterprises Inc
ESTE,Earthstone Energy Inc - A
ADMS,Adamas Pharmaceuticals Inc
OCUL,Ocular Therapeutix Inc
OVLY,Oak Valley Bancorp
FCCO,First Community Corp
AGLE,Aeglea Bio Therapeutics Inc
DGICA,Donegal Group Inc
ICD,Independence Contract Drilling Inc
PEBK,Peoples Bancorp Of Nc
FUNC,First United Corp
PDLB,Pdl Community Bancorp
GCAP,Gain Capital Holdings Inc
SYBX,Synlogic Inc
CELC,Celcuity Inc
ESCA,Escalade Inc
BLCM,Bellicum Pharmaceuticals Inc
LEVL,Level One Bancorp Inc
THOR,Synthorx Inc
WATT,Energous Corp
CMRX,Chimerix Inc
FONR,Fonar Corp
CVIA,Covia Holdings Corp
SLDB,Solid Biosciences Inc
SAMG,Silvercrest Asset Management Group Inc
ONVO,Organovo Holdings Inc
MBCN,Middlefield Banc Corp
RLH,Red Lion Hotels Corp
CSTR,Capstar Financial Holdings Inc
ITI,Iteris Inc
PMBC,Pacific Mercantile Bancorp
NLS,Nautilus Inc
MPB,Mid Penn Bancorp Inc
SBOW,Silverbow Resources Inc
USAP,Universal Stainless & Alloy Products Inc
IO,Ion Geophysical Corp
CCB,Coastal Financial Corp
SUP,Superior Industries Intl Inc
LXU,Lsb Industries Inc
III,Information Services Group Inc
DOVA,Dova Pharmaceuticals Inc
SNDX,Syndax Pharmaceuticals Inc
SGA,Saga Communications Inc
HIVE,Aerohive Networks Inc
CBFV,Cb Financial Services Inc
TWST,Twist Bioscience Corp
EVLO,Evelo Biosciences Inc
HCHC,Hc2 Holdings Inc
MPX,Marine Products Corp
KALA,Kala Pharmaceuticals Inc
MNTX,Manitex Intl Inc
ALEC,Alector Inc
USAK,Usa Truck Inc
PES,Pioneer Energy Services Corp
BXG,Bluegreen Vacations Corp
GDP,Goodrich Petroleum Corp
SPKE,Spark Energy Inc
GENC,Gencor Industries Inc
INSY,Insys Therapeutics Inc
BH,Obh Inc
HBB,Hamilton Beach Brand-A
LCUT,Lifetime Brands Inc
NGVC,Natural Grocers By Vitamin Cottage Inc
CBIO,Catalyst Biosciences Inc
CSU,Capital Senior Living Corp
MESA,Mesa Air Group Inc
CELH,Celsius Holdings Inc
LOGC,Logicbio Therapeutics Inc
OSG,Overseas Shipholding Group Inc
NDLS,Noodles & Co
FSFG,First Savings Financial Group Inc
CDLX,Cardlytics Inc
GFN,General Finance Corp
FRTA,Forterra Inc
GWRS,Global Water Resources Inc
GAIA,Gaiam Inc
NVTR,Nuvectra Corp
INAP,Internap Corp
VRCA,Verrica Pharmaceuticals Inc
FGBI,First Guaranty Bancshares In
GBL,Gamco Investors Inc
PTSI,Pam Transportation Services Inc
HBIO,Harvard Bioscience Inc
PVBC,Provident Bancorp Inc
NEOS,Neos Therapeutics Inc
MCRB,Seres Therapeutics Inc
AVEO,Aveo Pharmaceuticals Inc
PCYG,Park City Group Inc
ADMA,Adma Biologics Inc
ELVT,Elevate Credit Inc
CRD.B,Crawford & Co
SBPH,Spring Bank Pharmaceuticals Inc
CLXT,Calyxt Inc
AC,Associated Capital Group A
ICBK,County Bancorp Inc
GCBC,Greene County Bancorp Inc
ARA,American Renal Associates Holdings Inc
TZOO,Travelzoo Inc
AGFS,Agrofresh Solutions Inc
AUBN,Auburn National Bancorporation Inc
GNK,Genco Shipping & Trading Ltd
SND,Smart Sand Inc
HNRG,Hallador Energy Co
SPRO,Spero Therapeutics Inc
XOMA,Xoma Corp
KINS,Kingstone Cos Inc
MTEM,Molecular Templates Inc
HEAR,Turtle Beach Corp
SHLO,Shiloh Industries Inc
JNCE,Jounce Therapeutics Inc
ASUR,Asure Software Inc
TTOO,T2 Biosystems Inc
NTGN,Neon Therapeutics Inc
COOL,Polarityte Inc
IRMD,Iradimed Corp
SELB,Selecta Biosciences Inc
JILL,J. Jill Inc
KIRK,Kirkland'S Inc
MBII,Marrone Bio Innovations Inc
SB,Safe Bulkers Inc
ABUS,Arbutus Biopharma Corp
VAPO,Vapotherm Inc
HOV,Hovnanian Enterprises Inc
NHTC,Natural Health Trends Corp
NATR,Nature'S Sunshine Products Inc
ISRL,Isramco Inc
ALCO,Alico Inc
ZFGN,Zafgen Inc
MGI,Moneygram Intl Inc
SREV,Servicesource Intl Inc
SIEB,Siebert Financial Corp
GRTS,Gritstone Oncology Inc
MLP,Maui Land & Pineapple Co
IEA,Infrastructure And Energy Alternatives Inc
AE,Adams Resources & Energy Inc
CBNK,Capital Bancorp Inc/Md
PIR,Pier 1 Imports Inc
ORN,Orion Marine Group Inc
RTW,Rtw Retailwinds Inc
TPHS,Trinity Place Holdings Inc
DZSI,Dasan Zhone Solutions Inc
GEN,Genesis Healthcare Inc
KOPN,Kopin Corp
MGEN,Miragen Therapeutics Inc
RAIL,Freightcar America Inc
ECOR,"Electrocore, Inc."
KOD,Kodiak Sciences Inc
MRSN,Mersana Therapeutics Inc
LQDA,Liquidia Technologies Inc
ALNA,Allena Pharmaceuticals Inc
IDRA,Idera Pharmaceuticals Inc
PFSW,Pfsweb Inc
AMEH,Apollo Medical Holdings Inc
MNLO,Menlo Therapeutics Inc
UPL,Ultra Petroleum Corp
STRO,Sutro Biopharma Inc
MBIO,Mustang Bio Inc
ELGX,Endologix Inc
UMRX,Unum Therapeutics Inc
BSVN,Bank7 Corp
TORC,"Restorbio, Inc."
FBIO,Fortress Biotech Inc
MR,Montage Resources Corp
CHRA,Charah Solutions Inc
QHC,Quorum Health Corp
CWBR,Cohbar Inc
VHI,Valhi Inc
VUZI,Vuzix Corp
ROX,Castle Brands Inc
TTPH,Tetraphase Pharmaceuticals Inc
BH A,Obh Inc
NWHM,New Home Co Inc
CLUB,Town Sports Intl Holdings Inc
CRVS,Corvus Pharmaceuticals Inc
NYMX,Nymox Pharmaceutical Corp
LEGH,Legacy Housing Corp
AMPE,Ampio Pharmaceuticals Inc
LLEX,Lilis Energy Inc
MJCO,Majesco
APTX,Aptinyx Inc
TCI,Transcontinental Realty Inv
SURF,Surface Oncology Inc
VERI,Veritone Inc
FENC,Fennec Pharmaceuticals Inc
RMNI,Rimini Street Inc
AQST,Aquestive Therapeutics Inc
CRR,Carbo Ceramics Inc
DWSN,Dawson Geophysical Co
CTIC,Cti Biopharma Corp
NLNK,Newlink Genetics Corp
MHLD,Maiden Holdings Ltd
BAS,Basic Energy Services Inc
NYNY,Empire Resorts Inc
BGFV,Big 5 Sporting Goods Corp
OFED,Oconee Federal Financial Cor
NEXT,Nextdecade Corp
HSM,Helius Medical Technologies Inc
AGE,Agex Therapeutics Inc
KODK,Eastman Kodak Co
METC,Ramaco Resources Inc
MARK,Remark Holdings Inc
KEG,Key Energy Services Inc
TLGT,Teligent Inc
AINC,Ashford Inc
PTI,Proteostasis Therapeutics Inc
PFIE,Profire Energy Inc
NCSM,Ncs Multistage Holdings Inc
OSMT,Osmotica Pharmaceuticals Plc
CLSD,Clearside Biomedical Inc
NK,Nantkwest Inc
IMH,Impac Mortgage Holdings Inc
FVCB,Fvcbankcorp Inc
MLNT,Melinta Therapeutics Inc
EQ,Equillium Inc
INNT,Innovate Biopharmaceuticals Inc
GRIF,Griffin Land & Nurseries Inc
BBGI,Beasley Broadcast Group Inc
NL,Nl Industries Inc
ZN,Zion Oil And Gas Inc
SNNA,Sienna Biopharmaceuticals In
PRPL,Purple Innovation Inc
ARL,American Realty Investors Inc
QES,Quintana Energy Services Inc
HARP,Harpoon Therapeutics Inc
SCPH,Scpharmaceuticals Inc
CIX,Compx Intl Inc
AAC,Aac Holdings Inc
OVID,Ovid Therapeutics Inc
VALU,Value Line Inc
AMR,Alta Mesa Resources Inc
FRAN,Francesca'S Holdings Corp
FCEL,Fuelcell Energy Inc
XFOR,X4 Pharmaceuticals Inc
NH,Nanthealth Inc
BW,Babcock & Wilcox Enterpr
NES,Nuverra Environmental Solutions Inc
ZOM,Zomedica Pharmaceuticals Corp
AREX,Approach Resources Inc
BRS,Bristow Group Inc
EPE,Ep Energy Corp
ROSE,Rosehill Resources Inc
IMUX,Immunic Inc
GTXI,Gtx Inc
HTGC,Hercules Technology Growth Capital Inc
PSEC,Prospect Capital Corp
BKCC,Blackrock Kelso Capital Corp
